[
  {
    "name": "Speedy Flash Boots",
    "description": "Boots that increase speed.",
    "price": 75.0,
    "quantity": 7
  },
  {
    "name": "Sturdy Iron Chestplate",
    "description": "A sturdy iron chestplate.",
    "price": 100.0,
    "quantity": 3
  },
  {
    "name": "Steak",
    "description": "A yummy piece of steak that restores 10% health.",
    "price": 15.0,
    "quantity": 20
  },
  {
    "name": "Diamond Longsword",
    "description": "A sword made of diamond",
    "price": 150.0,
    "quantity": 3
  }
]